Workbook

Sheet Dados de alunos ativos
A1: aluno_id | B1: nome | C1: turma | D1: curso | E1: email
A2: 1214 | B2: Beatriz Arrifes Pinto | C2: 11.º A | D2: CCH - Ciências e Tecnologias Cambridge | E2: =VLOOKUP(A2,'users_26_05_2026 20_35_43'!$A$1:$B$1219,2,0) -> 1214_beatrizpinto@c-guadalupe.com
A3: 3015 | B3: Charbel Massaad | C3: 11.º A | D3: CCH - Ciências e Tecnologias Cambridge | E3: =VLOOKUP(A3,'users_26_05_2026 20_35_43'!$A$1:$B$1219,2,0) -> 3015_charbelmassaaad@c-guadalupe.com
A4: 2231 | B4: Eduardo José Guardado Moreira | C4: 11.º A | D4: CCH - Ciências e Tecnologias Cambridge | E4: =VLOOKUP(A4,'users_26_05_2026 20_35_43'!$A$1:$B$1219,2,0) -> 2231_eduardomoreira@c-guadalupe.com
A5: 2981 | B5: Gabriel Oliveira Mendes Ferreira | C5: 11.º A | D5: CCH - Ciências e Tecnologias Cambridge | E5: =VLOOKUP(A5,'users_26_05_2026 20_35_43'!$A$1:$B$1219,2,0) -> 2981_gabrielferreira@c-guadalupe.com
A6: 3040 | B6: Luna Capeta da Silva Romão | C6: 11.º A | D6: CCH - Ciências e Tecnologias Cambridge | E6: =VLOOKUP(A6,'users_26_05_2026 20_35_43'!$A$1:$B$1219,2,0) -> 3040_lunaromao@c-guadalupe.com
A7: 1220 | B7: Maria Beatriz Peres Ruivo de Matos Nunes | C7: 11.º A | D7: CCH - Ciências e Tecnologias Cambridge | E7: =VLOOKUP(A7,'users_26_05_2026 20_35_43'!$A$1:$B$1219,2,0) -> 1220_marianunes@c-guadalupe.com
A8: 1230 | B8: Violeta De Pinho E Nascimento | C8: 11.º A | D8: CCH - Ciências e Tecnologias Cambridge | E8: =VLOOKUP(A8,'users_26_05_2026 20_35_43'!$A$1:$B$1219,2,0) -> 1230_violetanascimento@c-guadalupe.com
A9: 2980 | B9: Vladyslav Horbatenko | C9: 11.º A | D9: CCH - Ciências e Tecnologias Cambridge | E9: =VLOOKUP(A9,'users_26_05_2026 20_35_43'!$A$1:$B$1219,2,0) -> 2980_vladyslavhorbatenko@c-guadalupe.com
A10: 1235 | B10: Jaime Amaral Marques Morais De Almeida | C10: 11.º B | D10: CCH - Ciências Socioeconómicas Cambridge | E10: =VLOOKUP(A10,'users_26_05_2026 20_35_43'!$A$1:$B$1219,2,0) -> 1235_jaimealmeida@c-guadalupe.com
A11: 3014 | B11: Raymond Massaad | C11: 11.º B | D11: CCH - Ciências Socioeconómicas Cambridge | E11: =VLOOKUP(A11,'users_26_05_2026 20_35_43'!$A$1:$B$1219,2,0) -> 3014_raymondmassaad@c-guadalupe.com
A12: 1277 | B12: Artur Filipe Ferreira Navalho | C12: 11.º C | D12: CCH - Ciências e Tecnologias | E12: =VLOOKUP(A12,'users_26_05_2026 20_35_43'!$A$1:$B$1219,2,0) -> 1277_arturnavalho@c-guadalupe.com
A13: 1233 | B13: Bernardo Miguel Freitas Florêncio De Almeida | C13: 11.º C | D13: CCH - Ciências e Tecnologias | E13: =VLOOKUP(A13,'users_26_05_2026 20_35_43'!$A$1:$B$1219,2,0) -> 1233_bernardoalmeida@c-guadalupe.com
... A64: 2918 | B64: Tessa Veiga De Brito | C64: 11.º F | D64: CCH - Artes Visuais | E64: =VLOOKUP(A64,'users_26_05_2026 20_35_43'!$A$1:$B$1219,2,0) -> 2918_tessabrito@c-guadalupe.com

Sheet Folha2
A1: curso
A2: CCH - Ciências e Tecnologias Cambridge
A3: CCH - Ciências Socioeconómicas Cambridge
A4: CCH - Ciências e Tecnologias
A5: CCH - Ciências Socioeconómicas
A6: CCH - Línguas e Humanidades
A7: CCH - Artes Visuais

Sheet users_26_05_2026 20_35_43
A1: n | B1: User principal name
A2: 950 | B2: 950_tomasrobalo@c-guadalupe.com
A3: 951 | B3: 951_marianafigueiras@c-guadalupe.com
A4: 952 | B4: 952_filipepires@c-guadalupe.com
A5: 953 | B5: 953_joanafernandes@c-guadalupe.com
A6: 954 | B6: 954_joaocosta@c-guadalupe.com
A7: 955 | B7: 955_joaoamaral@c-guadalupe.com
A8: 956 | B8: 956_mariaalmeida@c-guadalupe.com
A9: 959 | B9: 959_matildefernandes@c-guadalupe.com
A10: 960 | B10: 960_joaorodrigues@c-guadalupe.com
A11: 962 | B11: 962_dinishenriques@c-guadalupe.com
A12: 967 | B12: 967_afonsosancho@c-guadalupe.com
A13: 968 | B13: 968_leonorcanhao@c-guadalupe.com
... A1219: 3254 | B1219: 3254_joanapereira@c-guadalupe.com
